"ï»¿Subject","Start Date","Start Time","End Date","End Time","All day event","Reminder on/off","Reminder Date","Reminder Time","Meeting Organizer","Required Attendees","Optional Attendees","Meeting Resources","Billing Information","Categories","Description","Location","Mileage","Priority","Private","Sensitivity","Show time as"
"Parents' Weekend Begins LMD","9/4/2026","12:00:00 AM","9/5/2026","12:00:00 AM","True","False","9/3/2026","11:45:00 PM",,,,,,,"
","",,"Normal","False","Normal","3"
"M11","9/3/2026","12:00:00 AM","9/4/2026","12:00:00 AM","True","False","9/2/2026","11:45:00 PM",,,,,,,"
","",,"Normal","False","Normal","3"
"T10","9/2/2026","12:00:00 AM","9/3/2026","12:00:00 AM","True","False","9/1/2026","11:45:00 PM",,,,,,,"
","",,"Normal","False","Normal","3"
"M10","9/1/2026","12:00:00 AM","9/2/2026","12:00:00 AM","True","False","8/31/2026","11:45:00 PM",,,,,,,"
","",,"Normal","False","Normal","3"
"T9","8/31/2026","12:00:00 AM","9/1/2026","12:00:00 AM","True","False","8/30/2026","11:45:00 PM",,,,,,,"
","",,"Normal","False","Normal","3"
"M9","8/28/2026","12:00:00 AM","8/29/2026","12:00:00 AM","True","False","8/27/2026","11:45:00 PM",,,,,,,"
","",,"Normal","False","Normal","3"
"T8","8/27/2026","12:00:00 AM","8/28/2026","12:00:00 AM","True","False","8/26/2026","11:45:00 PM",,,,,,,"
","",,"Normal","False","Normal","3"
"M8","8/26/2026","12:00:00 AM","8/27/2026","12:00:00 AM","True","False","8/25/2026","11:45:00 PM",,,,,,,"
","",,"Normal","False","Normal","3"
"T7","8/25/2026","12:00:00 AM","8/26/2026","12:00:00 AM","True","False","8/24/2026","11:45:00 PM",,,,,,,"
","",,"Normal","False","Normal","3"
"M7","8/24/2026","12:00:00 AM","8/25/2026","12:00:00 AM","True","False","8/23/2026","11:45:00 PM",,,,,,,"
","",,"Normal","False","Normal","3"
"T6","8/21/2026","12:00:00 AM","8/22/2026","12:00:00 AM","True","False","8/20/2026","11:45:00 PM",,,,,,,"
","",,"Normal","False","Normal","3"
"M6","8/20/2026","12:00:00 AM","8/21/2026","12:00:00 AM","True","False","8/19/2026","11:45:00 PM",,,,,,,"
","",,"Normal","False","Normal","3"
"T5","8/19/2026","12:00:00 AM","8/20/2026","12:00:00 AM","True","False","8/18/2026","11:45:00 PM",,,,,,,"
","",,"Normal","False","Normal","3"
"M5","8/18/2026","12:00:00 AM","8/19/2026","12:00:00 AM","True","False","8/17/2026","11:45:00 PM",,,,,,,"
","",,"Normal","False","Normal","3"
"T4","8/17/2026","12:00:00 AM","8/18/2026","12:00:00 AM","True","False","8/16/2026","11:45:00 PM",,,,,,,"
","",,"Normal","False","Normal","3"
"M4","8/14/2026","12:00:00 AM","8/15/2026","12:00:00 AM","True","False","8/13/2026","11:45:00 PM",,,,,,,"
","",,"Normal","False","Normal","3"
"T3","8/13/2026","12:00:00 AM","8/14/2026","12:00:00 AM","True","False","8/12/2026","11:45:00 PM",,,,,,,"
","",,"Normal","False","Normal","3"
"M3","8/12/2026","12:00:00 AM","8/13/2026","12:00:00 AM","True","False","8/11/2026","11:45:00 PM",,,,,,,"
","",,"Normal","False","Normal","3"
"T2","8/11/2026","12:00:00 AM","8/12/2026","12:00:00 AM","True","False","8/10/2026","11:45:00 PM",,,,,,,"
","",,"Normal","False","Normal","3"
"M2","8/10/2026","12:00:00 AM","8/11/2026","12:00:00 AM","True","False","8/9/2026","11:45:00 PM",,,,,,,"
","",,"Normal","False","Normal","3"
"T1","8/7/2026","12:00:00 AM","8/8/2026","12:00:00 AM","True","False","8/6/2026","11:45:00 PM",,,,,,,"
","",,"Normal","False","Normal","3"
"M1","8/6/2026","12:00:00 AM","8/7/2026","12:00:00 AM","True","False","8/5/2026","11:45:00 PM",,,,,,,"
","",,"Normal","False","Normal","3"
"Transition","8/3/2026","12:00:00 AM","8/6/2026","12:00:00 AM","True","False","8/2/2026","11:45:00 PM",,,,,,,"
","",,"Normal","False","Normal","3"
"Onboarding","8/3/2026","12:00:00 AM","8/6/2026","12:00:00 AM","True","False","8/2/2026","11:45:00 PM",,,,,,,"
","",,"Normal","False","Normal","3"
"3rd Summer Period Ends","8/1/2026","12:00:00 AM","8/2/2026","12:00:00 AM","True","False","7/31/2026","11:45:00 PM",,,,,,,"
","",,"Normal","False","Normal","3"
"Cadet Wing Returns at 1900","8/1/2026","12:00:00 AM","8/2/2026","12:00:00 AM","True","False","7/31/2026","11:45:00 PM",,,,,,,"
","",,"Normal","False","Normal","3"
"A3-17","7/31/2026","12:00:00 AM","8/1/2026","12:00:00 AM","True","False","7/30/2026","11:45:00 PM",,,,,,,"
","",,"Normal","False","Normal","3"
"BCT-37","7/30/2026","12:00:00 AM","7/31/2026","12:00:00 AM","True","False","7/29/2026","11:45:00 PM",,,,,,,"
","",,"Normal","False","Normal","3"
"A3-16","7/30/2026","12:00:00 AM","7/31/2026","12:00:00 AM","True","False","7/29/2026","11:45:00 PM",,,,,,,"
","",,"Normal","False","Normal","3"
"Onboarding","7/30/2026","12:00:00 AM","8/1/2026","12:00:00 AM","True","False","7/29/2026","11:45:00 PM",,,,,,,"
","",,"Normal","False","Normal","3"
"BCT Ends","7/30/2026","12:00:00 AM","7/31/2026","12:00:00 AM","True","False","7/29/2026","11:45:00 PM",,,,,,,"
","",,"Normal","False","Normal","3"
"Transition","1/4/2027","12:00:00 AM","1/6/2027","12:00:00 AM","True","False","1/3/2027","11:45:00 PM",,,,,,,"
","",,"Normal","False","Normal","3"
"Cadet Wing Returns","1/3/2027","12:00:00 AM","1/4/2027","12:00:00 AM","True","False","1/2/2027","11:45:00 PM",,,,,,,"
","",,"Normal","False","Normal","3"
"Winter Break","12/17/2026","12:00:00 AM","1/4/2027","12:00:00 AM","True","False","12/16/2026","11:45:00 PM",,,,,,,"
","",,"Normal","False","Normal","3"
"Finals 10 & 11 & 12","12/16/2026","12:00:00 AM","12/17/2026","12:00:00 AM","True","False","12/15/2026","11:45:00 PM",,,,,,,"
","",,"Normal","False","Normal","3"
"Finals 7 & 8 & 9","12/15/2026","12:00:00 AM","12/16/2026","12:00:00 AM","True","False","12/14/2026","11:45:00 PM",,,,,,,"
","",,"Normal","False","Normal","3"
"Finals 4 & 5 & 6","12/14/2026","12:00:00 AM","12/15/2026","12:00:00 AM","True","False","12/13/2026","11:45:00 PM",,,,,,,"
","",,"Normal","False","Normal","3"
"Finals 1 & 2 & 3","12/12/2026","12:00:00 AM","12/13/2026","12:00:00 AM","True","False","12/11/2026","11:45:00 PM",,,,,,,"
","",,"Normal","False","Normal","3"
"Study Day","12/11/2026","12:00:00 AM","12/12/2026","12:00:00 AM","True","False","12/10/2026","11:45:00 PM",,,,,,,"
","",,"Normal","False","Normal","3"
"T41","12/10/2026","12:00:00 AM","12/11/2026","12:00:00 AM","True","False","12/9/2026","11:45:00 PM",,,,,,,"
","",,"Normal","False","Normal","3"
"M41","12/9/2026","12:00:00 AM","12/10/2026","12:00:00 AM","True","False","12/8/2026","11:45:00 PM",,,,,,,"
","",,"Normal","False","Normal","3"
"T40","12/8/2026","12:00:00 AM","12/9/2026","12:00:00 AM","True","False","12/7/2026","11:45:00 PM",,,,,,,"
","",,"Normal","False","Normal","3"
"M40","12/7/2026","12:00:00 AM","12/8/2026","12:00:00 AM","True","False","12/6/2026","11:45:00 PM",,,,,,,"
","",,"Normal","False","Normal","3"
"T39","12/4/2026","12:00:00 AM","12/5/2026","12:00:00 AM","True","False","12/3/2026","11:45:00 PM",,,,,,,"
","",,"Normal","False","Normal","3"
"M39","12/3/2026","12:00:00 AM","12/4/2026","12:00:00 AM","True","False","12/2/2026","11:45:00 PM",,,,,,,"
","",,"Normal","False","Normal","3"
"T38","12/2/2026","12:00:00 AM","12/3/2026","12:00:00 AM","True","False","12/1/2026","11:45:00 PM",,,,,,,"
","",,"Normal","False","Normal","3"
"M38","12/1/2026","12:00:00 AM","12/2/2026","12:00:00 AM","True","False","11/30/2026","11:45:00 PM",,,,,,,"
","",,"Normal","False","Normal","3"
"Thanksgiving Break","11/25/2026","12:00:00 AM","12/1/2026","12:00:00 AM","True","False","11/24/2026","11:45:00 PM",,,,,,,"
","",,"Normal","False","Normal","3"
"T37","11/24/2026","12:00:00 AM","11/25/2026","12:00:00 AM","True","False","11/23/2026","11:45:00 PM",,,,,,,"
","",,"Normal","False","Normal","3"
"M37","11/23/2026","12:00:00 AM","11/24/2026","12:00:00 AM","True","False","11/22/2026","11:45:00 PM",,,,,,,"
","",,"Normal","False","Normal","3"
"T36","11/20/2026","12:00:00 AM","11/21/2026","12:00:00 AM","True","False","11/19/2026","11:45:00 PM",,,,,,,"
","",,"Normal","False","Normal","3"
"M36","11/19/2026","12:00:00 AM","11/20/2026","12:00:00 AM","True","False","11/18/2026","11:45:00 PM",,,,,,,"
","",,"Normal","False","Normal","3"
"T35","11/18/2026","12:00:00 AM","11/19/2026","12:00:00 AM","True","False","11/17/2026","11:45:00 PM",,,,,,,"
","",,"Normal","False","Normal","3"
"M35","11/17/2026","12:00:00 AM","11/18/2026","12:00:00 AM","True","False","11/16/2026","11:45:00 PM",,,,,,,"
","",,"Normal","False","Normal","3"
"T34","11/16/2026","12:00:00 AM","11/17/2026","12:00:00 AM","True","False","11/15/2026","11:45:00 PM",,,,,,,"
","",,"Normal","False","Normal","3"
"M34","11/13/2026","12:00:00 AM","11/14/2026","12:00:00 AM","True","False","11/12/2026","11:45:00 PM",,,,,,,"
","",,"Normal","False","Normal","3"
"T33","11/12/2026","12:00:00 AM","11/13/2026","12:00:00 AM","True","False","11/11/2026","11:45:00 PM",,,,,,,"
","",,"Normal","False","Normal","3"
"No Classes","11/11/2026","12:00:00 AM","11/12/2026","12:00:00 AM","True","False","11/10/2026","11:45:00 PM",,,,,,,"
","",,"Normal","False","Normal","3"
"M33","11/10/2026","12:00:00 AM","11/11/2026","12:00:00 AM","True","False","11/9/2026","11:45:00 PM",,,,,,,"
","",,"Normal","False","Normal","3"
"T32","11/9/2026","12:00:00 AM","11/10/2026","12:00:00 AM","True","False","11/8/2026","11:45:00 PM",,,,,,,"
","",,"Normal","False","Normal","3"
"M32","11/6/2026","12:00:00 AM","11/7/2026","12:00:00 AM","True","False","11/5/2026","11:45:00 PM",,,,,,,"
","",,"Normal","False","Normal","3"
"T31","11/5/2026","12:00:00 AM","11/6/2026","12:00:00 AM","True","False","11/4/2026","11:45:00 PM",,,,,,,"
","",,"Normal","False","Normal","3"
"M31","11/4/2026","12:00:00 AM","11/5/2026","12:00:00 AM","True","False","11/3/2026","11:45:00 PM",,,,,,,"
","",,"Normal","False","Normal","3"
"T30","11/3/2026","12:00:00 AM","11/4/2026","12:00:00 AM","True","False","11/2/2026","11:45:00 PM",,,,,,,"
","",,"Normal","False","Normal","3"
"M30","11/2/2026","12:00:00 AM","11/3/2026","12:00:00 AM","True","False","11/1/2026","11:45:00 PM",,,,,,,"
","",,"Normal","False","Normal","3"
"T29","10/30/2026","12:00:00 AM","10/31/2026","12:00:00 AM","True","False","10/29/2026","11:45:00 PM",,,,,,,"
","",,"Normal","False","Normal","3"
"M29","10/29/2026","12:00:00 AM","10/30/2026","12:00:00 AM","True","False","10/28/2026","11:45:00 PM",,,,,,,"
","",,"Normal","False","Normal","3"
"T28","10/28/2026","12:00:00 AM","10/29/2026","12:00:00 AM","True","False","10/27/2026","11:45:00 PM",,,,,,,"
","",,"Normal","False","Normal","3"
"M28","10/27/2026","12:00:00 AM","10/28/2026","12:00:00 AM","True","False","10/26/2026","11:45:00 PM",,,,,,,"
","",,"Normal","False","Normal","3"
"T27","10/26/2026","12:00:00 AM","10/27/2026","12:00:00 AM","True","False","10/25/2026","11:45:00 PM",,,,,,,"
","",,"Normal","False","Normal","3"
"M27","10/23/2026","12:00:00 AM","10/24/2026","12:00:00 AM","True","False","10/22/2026","11:45:00 PM",,,,,,,"
","",,"Normal","False","Normal","3"
"T26","10/22/2026","12:00:00 AM","10/23/2026","12:00:00 AM","True","False","10/21/2026","11:45:00 PM",,,,,,,"
","",,"Normal","False","Normal","3"
"M26","10/21/2026","12:00:00 AM","10/22/2026","12:00:00 AM","True","False","10/20/2026","11:45:00 PM",,,,,,,"
","",,"Normal","False","Normal","3"
"T25","10/20/2026","12:00:00 AM","10/21/2026","12:00:00 AM","True","False","10/19/2026","11:45:00 PM",,,,,,,"
","",,"Normal","False","Normal","3"
"M25","10/19/2026","12:00:00 AM","10/20/2026","12:00:00 AM","True","False","10/18/2026","11:45:00 PM",,,,,,,"
","",,"Normal","False","Normal","3"
"T24","10/16/2026","12:00:00 AM","10/17/2026","12:00:00 AM","True","False","10/15/2026","11:45:00 PM",,,,,,,"
","",,"Normal","False","Normal","3"
"M24","10/15/2026","12:00:00 AM","10/16/2026","12:00:00 AM","True","False","10/14/2026","11:45:00 PM",,,,,,,"
","",,"Normal","False","Normal","3"
"T23","10/14/2026","12:00:00 AM","10/15/2026","12:00:00 AM","True","False","10/13/2026","11:45:00 PM",,,,,,,"
","",,"Normal","False","Normal","3"
"M23","10/13/2026","12:00:00 AM","10/14/2026","12:00:00 AM","True","False","10/12/2026","11:45:00 PM",,,,,,,"
","",,"Normal","False","Normal","3"
"No Classes","10/12/2026","12:00:00 AM","10/13/2026","12:00:00 AM","True","False","10/11/2026","11:45:00 PM",,,,,,,"
","",,"Normal","False","Normal","3"
"T22","10/9/2026","12:00:00 AM","10/10/2026","12:00:00 AM","True","False","10/8/2026","11:45:00 PM",,,,,,,"
","",,"Normal","False","Normal","3"
"M22","10/8/2026","12:00:00 AM","10/9/2026","12:00:00 AM","True","False","10/7/2026","11:45:00 PM",,,,,,,"
","",,"Normal","False","Normal","3"
"T21","10/7/2026","12:00:00 AM","10/8/2026","12:00:00 AM","True","False","10/6/2026","11:45:00 PM",,,,,,,"
","",,"Normal","False","Normal","3"
"M21","10/6/2026","12:00:00 AM","10/7/2026","12:00:00 AM","True","False","10/5/2026","11:45:00 PM",,,,,,,"
","",,"Normal","False","Normal","3"
"T20","10/5/2026","12:00:00 AM","10/6/2026","12:00:00 AM","True","False","10/4/2026","11:45:00 PM",,,,,,,"
","",,"Normal","False","Normal","3"
"M20","10/2/2026","12:00:00 AM","10/3/2026","12:00:00 AM","True","False","10/1/2026","11:45:00 PM",,,,,,,"
","",,"Normal","False","Normal","3"
"T19","10/1/2026","12:00:00 AM","10/2/2026","12:00:00 AM","True","False","9/30/2026","11:45:00 PM",,,,,,,"
","",,"Normal","False","Normal","3"
"M19","9/30/2026","12:00:00 AM","10/1/2026","12:00:00 AM","True","False","9/29/2026","11:45:00 PM",,,,,,,"
","",,"Normal","False","Normal","3"
"T18","9/29/2026","12:00:00 AM","9/30/2026","12:00:00 AM","True","False","9/28/2026","11:45:00 PM",,,,,,,"
","",,"Normal","False","Normal","3"
"M18","9/28/2026","12:00:00 AM","9/29/2026","12:00:00 AM","True","False","9/27/2026","11:45:00 PM",,,,,,,"
","",,"Normal","False","Normal","3"
"T17","9/25/2026","12:00:00 AM","9/26/2026","12:00:00 AM","True","False","9/24/2026","11:45:00 PM",,,,,,,"
","",,"Normal","False","Normal","3"
"M17","9/24/2026","12:00:00 AM","9/25/2026","12:00:00 AM","True","False","9/23/2026","11:45:00 PM",,,,,,,"
","",,"Normal","False","Normal","3"
"T16","9/23/2026","12:00:00 AM","9/24/2026","12:00:00 AM","True","False","9/22/2026","11:45:00 PM",,,,,,,"
","",,"Normal","False","Normal","3"
"M16","9/22/2026","12:00:00 AM","9/23/2026","12:00:00 AM","True","False","9/21/2026","11:45:00 PM",,,,,,,"
","",,"Normal","False","Normal","3"
"T15","9/21/2026","12:00:00 AM","9/22/2026","12:00:00 AM","True","False","9/20/2026","11:45:00 PM",,,,,,,"
","",,"Normal","False","Normal","3"
"Fall VALEX","9/18/2026","12:00:00 AM","9/20/2026","12:00:00 AM","True","False","9/17/2026","11:45:00 PM",,,,,,,"
","",,"Normal","False","Normal","3"
"M15","9/17/2026","12:00:00 AM","9/18/2026","12:00:00 AM","True","False","9/16/2026","11:45:00 PM",,,,,,,"
","",,"Normal","False","Normal","3"
"Fall VALEX begins after classes","9/17/2026","12:00:00 AM","9/18/2026","12:00:00 AM","True","False","9/16/2026","11:45:00 PM",,,,,,,"
","",,"Normal","False","Normal","3"
"T14","9/16/2026","12:00:00 AM","9/17/2026","12:00:00 AM","True","False","9/15/2026","11:45:00 PM",,,,,,,"
","",,"Normal","False","Normal","3"
"M14","9/15/2026","12:00:00 AM","9/16/2026","12:00:00 AM","True","False","9/14/2026","11:45:00 PM",,,,,,,"
","",,"Normal","False","Normal","3"
"T13","9/14/2026","12:00:00 AM","9/15/2026","12:00:00 AM","True","False","9/13/2026","11:45:00 PM",,,,,,,"
","",,"Normal","False","Normal","3"
"No Classes","9/11/2026","12:00:00 AM","9/12/2026","12:00:00 AM","True","False","9/10/2026","11:45:00 PM",,,,,,,"
","",,"Normal","False","Normal","3"
"Commandant's Training Day","9/11/2026","12:00:00 AM","9/12/2026","12:00:00 AM","True","False","9/10/2026","11:45:00 PM",,,,,,,"
","",,"Normal","False","Normal","3"
"M13","9/10/2026","12:00:00 AM","9/11/2026","12:00:00 AM","True","False","9/9/2026","11:45:00 PM",,,,,,,"
","",,"Normal","False","Normal","3"
"T12","9/9/2026","12:00:00 AM","9/10/2026","12:00:00 AM","True","False","9/8/2026","11:45:00 PM",,,,,,,"
","",,"Normal","False","Normal","3"
"M12","9/8/2026","12:00:00 AM","9/9/2026","12:00:00 AM","True","False","9/7/2026","11:45:00 PM",,,,,,,"
","",,"Normal","False","Normal","3"
"No Classes","9/7/2026","12:00:00 AM","9/8/2026","12:00:00 AM","True","False","9/6/2026","11:45:00 PM",,,,,,,"
","",,"Normal","False","Normal","3"
"T11","9/4/2026","12:00:00 AM","9/5/2026","12:00:00 AM","True","False","9/3/2026","11:45:00 PM",,,,,,,"
","",,"Normal","False","Normal","3"
"Final Grades Due","12/21/2026","12:00:00 AM","12/22/2026","12:00:00 AM","True","False","12/20/2026","11:45:00 PM",,,,,,,"
","",,"Normal","False","Normal","3"
"Silver Training Weekend","11/14/2026","12:00:00 AM","11/15/2026","12:00:00 AM","True","False","11/13/2026","11:45:00 PM",,,,,,,"
","",,"Normal","False","Normal","3"
"Modified SOC - Afternoon Sections Start 1 Hour Early","11/13/2026","12:00:00 AM","11/14/2026","12:00:00 AM","True","False","11/12/2026","11:45:00 PM",,,,,,,"
","",,"Normal","False","Normal","3"
"Silver Training Weekend","10/17/2026","12:00:00 AM","10/18/2026","12:00:00 AM","True","False","10/16/2026","11:45:00 PM",,,,,,,"
","",,"Normal","False","Normal","3"
"Prog Grades Due","10/6/2026","12:00:00 AM","10/7/2026","12:00:00 AM","True","False","10/5/2026","11:45:00 PM",,,,,,,"
","",,"Normal","False","Normal","3"
"Silver Training Weekend","10/3/2026","12:00:00 AM","10/4/2026","12:00:00 AM","True","False","10/2/2026","11:45:00 PM",,,,,,,"
","",,"Normal","False","Normal","3"
"Modified SOC - Afternoon Sections Start 1 Hour Early","10/2/2026","12:00:00 AM","10/3/2026","12:00:00 AM","True","False","10/1/2026","11:45:00 PM",,,,,,,"
","",,"Normal","False","Normal","3"
"Silver Training Weekend","9/19/2026","12:00:00 AM","9/20/2026","12:00:00 AM","True","False","9/18/2026","11:45:00 PM",,,,,,,"
","",,"Normal","False","Normal","3"
"Modified SOC - Afternoon Sections Start 1 Hour Early","9/17/2026","12:00:00 AM","9/18/2026","12:00:00 AM","True","False","9/16/2026","11:45:00 PM",,,,,,,"
","",,"Normal","False","Normal","3"
"Modified SOC - Afternoon Sections Start 1 Hour Early","9/10/2026","12:00:00 AM","9/11/2026","12:00:00 AM","True","False","9/9/2026","11:45:00 PM",,,,,,,"
","",,"Normal","False","Normal","3"
"Silver Training Weekend","8/29/2026","12:00:00 AM","8/30/2026","12:00:00 AM","True","False","8/28/2026","11:45:00 PM",,,,,,,"
","",,"Normal","False","Normal","3"
"Modified SOC - Afternoon Sections Start 1 Hour Early","8/28/2026","12:00:00 AM","8/29/2026","12:00:00 AM","True","False","8/27/2026","11:45:00 PM",,,,,,,"
","",,"Normal","False","Normal","3"
"Silver Training Weekend","8/15/2026","12:00:00 AM","8/16/2026","12:00:00 AM","True","False","8/14/2026","11:45:00 PM",,,,,,,"
","",,"Normal","False","Normal","3"
"Modified SOC - Afternoon Sections Start 1 Hour Early","8/14/2026","12:00:00 AM","8/15/2026","12:00:00 AM","True","False","8/13/2026","11:45:00 PM",,,,,,,"
","",,"Normal","False","Normal","3"
